"UrineNumber","SampleReason","Date","BoxID","BoxPosition","Comments"
31466,"PreEviction16",2024-01-24,76,4,""
31491,"PreEviction16",2024-01-24,76,10,""
31521,"FirstConc",2024-01-24,76,13,""
31470,"FirstConc",2024-01-24,76,14,""
31468,"FirstConc",2024-01-24,76,19,""
31440,"RA",2024-01-24,76,21,""
31492,"FirstConc",2024-01-24,76,22,""
31538,"FirstConc",2024-01-24,76,24,""
31563,"PostEviction14",2024-01-24,76,26,""
31630,"FirstConc",2024-01-24,76,27,""
31536,"PreEviction16",2024-01-24,76,30,""
31443,"PreEviction16",2024-01-24,76,32,""
31488,"FirstConc",2024-01-24,76,35,""
31497,"FirstConc",2024-01-24,76,39,""
31490,"PreEviction16",2024-01-24,76,42,""
31519,"PreEviction16",2024-01-24,76,49,""
31439,"RA",2024-01-24,76,56,""
31446,"FirstConc",2024-01-24,76,57,""
31442,"PreEviction16",2024-01-24,76,60,""
31442,"RA",2024-01-24,76,60,""
31562,"PostEviction14",2024-01-24,76,63,""
31518,"PreEviction16",2024-01-24,76,64,""
31434,"FirstConc",2024-01-24,76,66,""
31628,"RA",2024-01-24,76,67,""
31469,"PreEviction16",2024-01-24,76,69,""
31535,"PreEviction16",2024-01-24,76,70,""
31473,"PostEviction14",2024-01-24,76,78,""
31629,"RA",2024-01-24,77,1,""
31471,"PostEviction14",2024-01-24,77,2,""
31471,"FirstConc",2024-01-24,77,2,""
31745,"PostEviction14",2024-01-24,77,8,""
31729,"FirstConc",2024-01-24,77,12,""
31802,"RA",2024-01-24,77,20,""
31801,"FirstConc",2024-01-24,77,28,""
31801,"RA",2024-01-24,77,28,""
31746,"PostEviction14",2024-01-24,77,34,""
32074,"Isolation",2024-01-24,78,16,""
32107,"PreEviction16",2024-01-24,78,28,""
32035,"PreEviction16",2024-01-24,78,31,""
32031,"FirstConc",2024-01-24,78,34,""
32067,"Isolation",2024-01-24,78,35,""
32068,"Isolation",2024-01-24,78,36,""
31898,"FirstConc",2024-01-24,78,44,""
32075,"Isolation",2024-01-24,78,46,""
32065,"Isolation",2024-01-24,78,50,""
32030,"PreEviction16",2024-01-24,78,55,""
32030,"RA",2024-01-24,78,55,""
32076,"Isolation",2024-01-24,78,66,""
32108,"PreEviction16",2024-01-24,78,75,""
32070,"Isolation",2024-01-24,78,76,""
32066,"Isolation",2024-01-24,78,80,""
32193,"PreEviction16",2024-01-24,79,13,""
32190,"Isolation",2024-01-24,79,14,""
32180,"Isolation",2024-01-24,79,16,""
32312,"PostPair10",2024-01-24,79,17,""
32156,"Isolation",2024-01-24,79,18,""
32290,"PostEviction14",2024-01-24,79,20,""
32258,"FirstConc",2024-01-24,79,21,""
32248,"PostEviction14",2024-01-24,79,22,""
32159,"Isolation",2024-01-24,79,23,""
32186,"Isolation",2024-01-24,79,25,""
32226,"PostPair10",2024-01-24,79,28,""
32226,"PreEviction16",2024-01-24,79,28,""
32226,"FirstConc",2024-01-24,79,28,""
32286,"PostPair10",2024-01-24,79,29,""
32249,"PostEviction14",2024-01-24,79,34,""
32228,"PostPair10",2024-01-24,79,35,""
32228,"PreEviction16",2024-01-24,79,35,""
32221,"PostPair10",2024-01-24,79,36,""
32185,"Isolation",2024-01-24,79,38,""
32224,"PostPair10",2024-01-24,79,39,""
32224,"PreEviction16",2024-01-24,79,39,""
32287,"PostPair10",2024-01-24,79,40,""
32227,"PostPair10",2024-01-24,79,41,""
32230,"PostPair10",2024-01-24,79,42,""
32230,"PreEviction16",2024-01-24,79,42,""
32230,"FirstConc",2024-01-24,79,42,""
32220,"PostPair10",2024-01-24,79,43,""
32220,"PreEviction16",2024-01-24,79,43,""
32178,"Isolation",2024-01-24,79,44,""
32150,"Isolation",2024-01-24,79,47,""
32161,"Isolation",2024-01-24,79,48,""
32154,"Isolation",2024-01-24,79,50,""
32265,"PostPair10",2024-01-24,79,51,""
32265,"PreEviction16",2024-01-24,79,51,""
32265,"FirstConc",2024-01-24,79,51,""
32250,"PostPair10",2024-01-24,79,53,""
32251,"FirstConc",2024-01-24,79,54,""
32284,"FirstConc",2024-01-24,79,56,""
32179,"Isolation",2024-01-24,79,57,""
32225,"PostPair10",2024-01-24,79,62,""
32225,"PreEviction16",2024-01-24,79,62,""
32219,"PostEviction14",2024-01-24,79,64,""
32219,"FirstConc",2024-01-24,79,64,""
32219,"RA",2024-01-24,79,64,""
32255,"PostEviction14",2024-01-24,79,66,""
32255,"FirstConc",2024-01-24,79,66,""
32260,"PostPair10",2024-01-24,79,69,""
32317,"FirstConc",2024-01-24,79,70,""
32315,"FirstConc",2024-01-24,79,71,""
32149,"Isolation",2024-01-24,79,73,""
32269,"FirstConc",2024-01-24,79,74,""
32158,"Isolation",2024-01-24,79,75,""
32257,"PostEviction14",2024-01-24,79,76,""
32184,"Isolation",2024-01-24,79,77,""
32230,"PostPair10",2024-01-24,79,78,""
32230,"PreEviction16",2024-01-24,79,78,""
32230,"FirstConc",2024-01-24,79,78,""
32291,"PostEviction14",2024-01-24,79,79,""
32291,"FirstConc",2024-01-24,79,79,""
32252,"PostPair10",2024-01-24,79,80,""
32253,"PostPair10",2024-01-24,80,1,""
32253,"PreEviction16",2024-01-24,80,1,""
32253,"FirstConc",2024-01-24,80,1,""
32289,"FirstConc",2024-01-24,80,2,""
32151,"Isolation",2024-01-24,80,4,""
32266,"PostPair10",2024-01-24,80,5,""
32266,"PreEviction16",2024-01-24,80,5,""
32262,"PostPair10",2024-01-24,80,7,""
32183,"Isolation",2024-01-24,80,8,""
32247,"PostEviction14",2024-01-24,80,9,""
32361,"FirstConc",2024-01-24,80,13,""
32428,"PostEviction14",2024-01-24,80,15,""
32428,"RA",2024-01-24,80,15,""
32360,"FirstConc",2024-01-24,80,21,""
32437,"PostEviction14",2024-01-24,80,23,""
32423,"PostEviction14",2024-01-24,80,31,""
32389,"FirstConc",2024-01-24,80,33,""
32356,"PostPair10",2024-01-24,80,34,""
32421,"RA",2024-01-24,80,35,""
32386,"FirstConc",2024-01-24,80,38,""
32427,"PostEviction14",2024-01-24,80,49,""
32425,"FirstConc",2024-01-24,80,51,""
32325,"PostPair10",2024-01-24,80,62,""
32359,"FirstConc",2024-01-24,80,68,""
32324,"FirstConc",2024-01-24,80,69,""
32422,"PostEviction14",2024-01-24,80,70,""
32438,"RA",2024-01-24,80,80,""
32387,"FirstConc",2024-01-24,81,2,""
32355,"PostPair10",2024-01-24,81,12,""
32431,"PostEviction14",2024-01-24,81,13,""
32431,"FirstConc",2024-01-24,81,13,""
32431,"RA",2024-01-24,81,13,""
32668,"Isolation",2024-01-24,81,23,""
32691,"Isolation",2024-01-24,81,25,""
32690,"Isolation",2024-01-24,81,27,""
32616,"RA",2024-01-24,81,32,""
32529,"Isolation",2024-01-24,81,33,""
32672,"Isolation",2024-01-24,81,36,""
32534,"Isolation",2024-01-24,81,41,""
32671,"Isolation",2024-01-24,81,43,""
32524,"Isolation",2024-01-24,81,48,""
32694,"Isolation",2024-01-24,81,50,""
32693,"Isolation",2024-01-24,81,54,""
32693,"FirstConc",2024-01-24,81,54,""
32666,"Isolation",2024-01-24,81,55,""
32669,"Isolation",2024-01-24,81,56,""
32670,"Isolation",2024-01-24,81,57,""
32523,"Isolation",2024-01-24,81,59,""
32674,"Isolation",2024-01-24,81,60,""
32532,"PostEviction14",2024-01-24,81,63,""
32521,"Isolation",2024-01-24,81,64,""
32689,"Isolation",2024-01-24,81,66,""
32689,"FirstConc",2024-01-24,81,66,""
32528,"Isolation",2024-01-24,81,68,""
32527,"Isolation",2024-01-24,81,69,""
32667,"Isolation",2024-01-24,81,70,""
32667,"FirstConc",2024-01-24,81,70,""
32618,"RA",2024-01-24,81,74,""
32692,"Isolation",2024-01-24,81,80,""
32625,"RA",2024-01-24,82,8,""
32522,"Isolation",2024-01-24,82,9,""
32813,"RA",2024-01-24,82,12,""
32714,"PostPair10",2024-01-24,82,13,""
32714,"PreEviction16",2024-01-24,82,13,""
32744,"PostPair10",2024-01-24,82,15,""
32743,"PostPair10",2024-01-24,82,21,""
32743,"PreEviction16",2024-01-24,82,21,""
32795,"PostPair10",2024-01-24,82,22,""
32795,"FirstConc",2024-01-24,82,22,""
32741,"PostPair10",2024-01-24,82,24,""
32740,"PostPair10",2024-01-24,82,30,""
32812,"RA",2024-01-24,82,32,""
32771,"PostPair10",2024-01-24,82,33,""
32790,"PostEviction14",2024-01-24,82,35,""
32790,"FirstConc",2024-01-24,82,35,""
32761,"PostPair10",2024-01-24,82,36,""
32761,"PreEviction16",2024-01-24,82,36,""
32761,"FirstConc",2024-01-24,82,36,""
32810,"PostPair10",2024-01-24,82,39,""
32842,"FirstConc",2024-01-24,82,40,""
32814,"FirstConc",2024-01-24,82,41,""
32814,"RA",2024-01-24,82,41,""
32724,"PostPair10",2024-01-24,82,42,""
32724,"FirstConc",2024-01-24,82,42,""
32765,"PostPair10",2024-01-24,82,44,""
32727,"PostPair10",2024-01-24,82,45,""
32727,"PreEviction16",2024-01-24,82,45,""
32742,"PostPair10",2024-01-24,82,46,""
32742,"PreEviction16",2024-01-24,82,46,""
32742,"FirstConc",2024-01-24,82,46,""
32747,"PostPair10",2024-01-24,82,47,""
32747,"PreEviction16",2024-01-24,82,47,""
32808,"PostPair10",2024-01-24,82,49,""
32700,"Isolation",2024-01-24,82,55,""
32809,"PostPair10",2024-01-24,82,56,""
32797,"PostEviction14",2024-01-24,82,57,""
32772,"PostPair10",2024-01-24,82,59,""
32772,"PreEviction16",2024-01-24,82,59,""
32789,"PostPair10",2024-01-24,82,60,""
32715,"PostPair10",2024-01-24,82,61,""
32766,"PostEviction14",2024-01-24,82,62,""
32792,"PostPair10",2024-01-24,82,63,""
32815,"PostPair10",2024-01-24,82,65,""
32815,"FirstConc",2024-01-24,82,65,""
32716,"PostPair10",2024-01-24,82,67,""
32717,"PostPair10",2024-01-24,82,69,""
32717,"PreEviction16",2024-01-24,82,69,""
32767,"PostPair10",2024-01-24,82,72,""
32746,"PostPair10",2024-01-24,82,76,""
32746,"FirstConc",2024-01-24,82,76,""
32811,"FirstConc",2024-01-24,82,78,""
32719,"PostPair10",2024-01-24,82,80,""
32719,"PreEviction16",2024-01-24,82,80,""
32719,"FirstConc",2024-01-24,82,80,""
32835,"FirstConc",2024-01-24,83,2,""
32695,"Isolation",2024-01-24,83,3,""
32788,"PostPair10",2024-01-24,83,4,""
32718,"PostPair10",2024-01-24,83,6,""
32760,"PostEviction14",2024-01-24,83,7,""
32769,"PostPair10",2024-01-24,83,14,""
32769,"FirstConc",2024-01-24,83,14,""
32865,"FirstConc",2024-01-24,83,18,""
32863,"RA",2024-01-24,83,20,""
32963,"PostEviction14",2024-01-24,83,23,""
32900,"FirstConc",2024-01-24,83,24,""
33028,"FirstConc",2024-01-24,83,33,""
33013,"RA",2024-01-24,83,37,""
32981,"FirstConc",2024-01-24,83,40,""
33012,"PostEviction14",2024-01-24,83,41,""
32936,"FirstConc",2024-01-24,83,42,""
32958,"PostEviction14",2024-01-24,83,53,""
32862,"RA",2024-01-24,83,56,""
32866,"RA",2024-01-24,83,57,""
32894,"FirstConc",2024-01-24,83,58,""
33074,"RA",2024-01-24,83,60,""
33076,"RA",2024-01-24,83,62,""
32957,"PostEviction14",2024-01-24,83,64,""
33014,"RA",2024-01-24,83,65,""
32867,"FirstConc",2024-01-24,83,69,""
32923,"FirstConc",2024-01-24,83,72,""
32864,"RA",2024-01-24,83,79,""
33077,"FirstConc",2024-01-24,84,10,""
33077,"RA",2024-01-24,84,10,""
33330,"RA",2024-01-24,84,23,""
33328,"FirstConc",2024-01-24,84,28,""
33328,"RA",2024-01-24,84,28,""
33119,"RA",2024-01-24,84,40,""
33280,"RA",2024-01-24,84,42,""
33186,"RA",2024-01-24,84,49,""
33182,"FirstConc",2024-01-24,84,65,""
33118,"RA",2024-01-24,84,67,""
33288,"RA",2024-01-24,84,77,""
33281,"FirstConc",2024-01-24,85,3,""
33287,"RA",2024-01-24,85,5,""
33527,"FirstConc",2024-01-24,85,12,""
33557,"Isolation",2024-01-24,85,19,""
33556,"Isolation",2024-01-24,85,20,""
33551,"Isolation",2024-01-24,85,29,""
33553,"Isolation",2024-01-24,85,32,""
33555,"Isolation",2024-01-24,85,33,""
33498,"RA",2024-01-24,85,38,""
33550,"Isolation",2024-01-24,85,43,""
33491,"RA",2024-01-24,85,46,""
33444,"FirstConc",2024-01-24,85,62,""
33489,"RA",2024-01-24,85,70,""
33549,"Isolation",2024-01-24,85,79,""
33554,"Isolation",2024-01-24,86,7,""
33636,"RA",2024-01-24,86,10,""
33704,"Isolation",2024-01-24,86,16,""
33763,"PostPair10",2024-01-24,86,17,""
33763,"PreEviction16",2024-01-24,86,17,""
33763,"FirstConc",2024-01-24,86,17,""
33710,"Isolation",2024-01-24,86,18,""
33797,"PostPair10",2024-01-24,86,20,""
33805,"FirstConc",2024-01-24,86,22,""
33779,"PostEviction14",2024-01-24,86,23,""
33779,"FirstConc",2024-01-24,86,23,""
33760,"PostPair10",2024-01-24,86,24,""
33760,"PreEviction16",2024-01-24,86,24,""
33821,"PostPair10",2024-01-24,86,25,""
33808,"FirstConc",2024-01-24,86,32,""
33778,"PostEviction14",2024-01-24,86,34,""
33819,"PostPair10",2024-01-24,86,35,""
33774,"PostEviction14",2024-01-24,86,36,""
33774,"FirstConc",2024-01-24,86,36,""
33766,"PostPair10",2024-01-24,86,37,""
33775,"PostEviction14",2024-01-24,86,39,""
33734,"Isolation",2024-01-24,86,43,""
33742,"Isolation",2024-01-24,86,44,""
33809,"FirstConc",2024-01-24,86,45,""
33732,"Isolation",2024-01-24,86,48,""
33737,"Isolation",2024-01-24,86,49,""
33731,"Isolation",2024-01-24,86,54,""
33662,"FirstConc",2024-01-24,86,55,""
33773,"PostPair10",2024-01-24,86,56,""
33705,"Isolation",2024-01-24,86,57,""
33739,"Isolation",2024-01-24,86,58,""
33739,"FirstConc",2024-01-24,86,58,""
33715,"RA",2024-01-24,86,62,""
33776,"PostEviction14",2024-01-24,86,63,""
33776,"FirstConc",2024-01-24,86,63,""
33740,"Isolation",2024-01-24,86,66,""
33759,"PostPair10",2024-01-24,86,69,""
33759,"PreEviction16",2024-01-24,86,69,""
33759,"FirstConc",2024-01-24,86,69,""
33741,"Isolation",2024-01-24,86,70,""
33700,"Isolation",2024-01-24,86,71,""
33700,"FirstConc",2024-01-24,86,71,""
33713,"Isolation",2024-01-24,86,72,""
33780,"PostEviction14",2024-01-24,86,73,""
33761,"PostPair10",2024-01-24,86,76,""
33761,"PreEviction16",2024-01-24,86,76,""
33714,"RA",2024-01-24,86,77,""
33706,"Isolation",2024-01-24,86,78,""
33764,"PostPair10",2024-01-24,87,3,""
33764,"PreEviction16",2024-01-24,87,3,""
33764,"FirstConc",2024-01-24,87,3,""
33703,"Isolation",2024-01-24,87,5,""
33711,"Isolation",2024-01-24,87,6,""
33792,"PostPair10",2024-01-24,87,8,""
33719,"RA",2024-01-24,87,9,""
33765,"PostPair10",2024-01-24,87,11,""
33765,"PreEviction16",2024-01-24,87,11,""
33838,"FirstConc",2024-01-24,87,15,""
33835,"FirstConc",2024-01-24,87,17,""
33854,"PostPair10",2024-01-24,87,19,""
33902,"FirstConc",2024-01-24,87,20,""
33894,"RA",2024-01-24,87,21,""
33839,"FirstConc",2024-01-24,87,25,""
33896,"FirstConc",2024-01-24,87,27,""
33868,"FirstConc",2024-01-24,87,28,""
33929,"FirstConc",2024-01-24,87,30,""
34025,"PostEviction14",2024-01-24,87,31,""
33879,"PostPair10",2024-01-24,87,32,""
34054,"RA",2024-01-24,87,35,""
33934,"RA",2024-01-24,87,39,""
34036,"RA",2024-01-24,87,41,""
34085,"RA",2024-01-24,87,42,""
34013,"FirstConc",2024-01-24,87,43,""
34028,"PostEviction14",2024-01-24,87,47,""
34027,"PostEviction14",2024-01-24,87,50,""
33870,"FirstConc",2024-01-24,87,51,""
34024,"PostEviction14",2024-01-24,87,53,""
34024,"FirstConc",2024-01-24,87,53,""
33850,"PostPair10",2024-01-24,87,59,""
34058,"RA",2024-01-24,87,63,""
34055,"FirstConc",2024-01-24,87,64,""
33932,"RA",2024-01-24,87,66,""
34026,"PostEviction14",2024-01-24,87,69,""
33878,"PostPair10",2024-01-24,87,81,""
33928,"FirstConc",2024-01-24,88,1,""
33844,"RA",2024-01-24,88,2,""
33924,"FirstConc",2024-01-24,88,4,""
33900,"RA",2024-01-24,88,6,""
33869,"FirstConc",2024-01-24,88,7,""
33905,"RA",2024-01-24,88,8,""
33901,"FirstConc",2024-01-24,88,10,""
34339,"RA",2024-01-24,88,12,""
34489,"FirstConc",2024-01-24,88,16,""
34300,"RA",2024-01-24,88,18,""
34160,"FirstConc",2024-01-24,88,19,""
34160,"RA",2024-01-24,88,19,""
34407,"FirstConc",2024-01-24,88,23,""
34248,"FirstConc",2024-01-24,88,24,""
34459,"PreEviction16",2024-01-24,88,26,""
34142,"PreEviction16",2024-01-24,88,33,""
34385,"PreEviction16",2024-01-24,88,35,""
34379,"PostEviction14",2024-01-24,88,43,""
34379,"FirstConc",2024-01-24,88,43,""
34379,"RA",2024-01-24,88,43,""
34462,"FirstConc",2024-01-24,88,45,""
34243,"PreEviction16",2024-01-24,88,49,""
34538,"PreEviction16",2024-01-24,88,53,""
34128,"PreEviction16",2024-01-24,88,55,""
34240,"PreEviction16",2024-01-24,88,56,""
34240,"FirstConc",2024-01-24,88,56,""
34240,"RA",2024-01-24,88,56,""
34337,"PreEviction16",2024-01-24,88,66,""
34337,"FirstConc",2024-01-24,88,66,""
34383,"PreEviction16",2024-01-24,88,67,""
34341,"RA",2024-01-24,88,68,""
34336,"PreEviction16",2024-01-24,89,1,""
34161,"RA",2024-01-24,89,8,""
34380,"PostEviction14",2024-01-24,89,9,""
34437,"FirstConc",2024-01-24,89,10,""
34623,"PostEviction14",2024-01-24,89,16,""
34564,"PostEviction14",2024-01-24,89,27,""
34786,"RA",2024-01-24,89,38,""
34741,"RA",2024-01-24,89,39,""
34712,"RA",2024-01-24,89,41,""
34927,"RA",2024-01-24,89,50,""
34981,"PostEviction14",2024-01-24,89,55,""
34981,"RA",2024-01-24,89,55,""
34558,"RA",2024-01-24,89,58,""
34570,"PostEviction14",2024-01-24,89,65,""
34630,"PostEviction14",2024-01-24,89,73,""
34751,"RA",2024-01-24,89,80,""
34593,"PreEviction16",2024-01-24,89,81,""
34593,"RA",2024-01-24,89,81,""
34594,"PreEviction16",2024-01-24,90,3,""
34550,"RA",2024-01-24,90,4,""
34925,"RA",2024-01-24,90,7,""
35473,"RA",2024-01-24,90,12,""
35238,"RA",2024-01-24,90,13,""
35265,"RA",2024-01-24,90,18,""
35094,"RA",2024-01-24,90,19,""
35109,"RA",2024-01-24,90,46,""
35281,"RA",2024-01-24,90,53,""
35442,"RA",2024-01-24,91,6,""
35939,"RA",2024-01-24,91,15,""
35840,"PostEviction14",2024-01-24,91,52,""
35678,"PreEviction16",2024-01-24,91,55,""
35609,"PreEviction16",2024-01-24,91,70,""
35858,"PostEviction14",2024-01-24,92,9,""
35858,"RA",2024-01-24,92,9,""
35988,"RA",2024-01-24,92,36,""
35744,"RA",2024-01-24,92,55,""
36029,"PostEviction14",2024-01-24,92,77,""
36156,"RA",2024-01-24,93,8,""
35794,"PreEviction16",2024-01-24,93,10,""
36353,"Isolation",2024-01-24,93,12,""
36391,"Isolation",2024-01-24,93,14,""
36391,"FirstConc",2024-01-24,93,14,""
36309,"Isolation",2024-01-24,93,15,""
36393,"Isolation",2024-01-24,93,20,""
36470,"PostPair10",2024-01-24,93,23,""
36470,"PreEviction16",2024-01-24,93,23,""
36470,"FirstConc",2024-01-24,93,23,""
36475,"PostPair10",2024-01-24,93,24,""
36475,"PreEviction16",2024-01-24,93,24,""
36354,"Isolation",2024-01-24,93,25,""
36261,"FirstConc",2024-01-24,93,29,""
36390,"Isolation",2024-01-24,93,32,""
36467,"PostPair10",2024-01-24,93,33,""
36467,"PreEviction16",2024-01-24,93,33,""
36310,"Isolation",2024-01-24,93,34,""
36315,"Isolation",2024-01-24,93,35,""
36349,"Isolation",2024-01-24,93,36,""
36314,"Isolation",2024-01-24,93,38,""
36395,"Isolation",2024-01-24,93,40,""
36355,"Isolation",2024-01-24,93,41,""
36348,"Isolation",2024-01-24,93,43,""
36403,"Isolation",2024-01-24,93,45,""
36397,"Isolation",2024-01-24,93,48,""
36397,"FirstConc",2024-01-24,93,48,""
36304,"Isolation",2024-01-24,93,49,""
36347,"Isolation",2024-01-24,93,50,""
36494,"PostEviction14",2024-01-24,93,52,""
36361,"FirstConc",2024-01-24,93,53,""
36311,"Isolation",2024-01-24,93,55,""
36357,"Isolation",2024-01-24,93,59,""
36396,"Isolation",2024-01-24,93,60,""
36346,"Isolation",2024-01-24,93,61,""
36345,"Isolation",2024-01-24,93,62,""
36466,"PostPair10",2024-01-24,93,64,""
36466,"FirstConc",2024-01-24,93,64,""
36402,"Isolation",2024-01-24,93,69,""
36468,"PostPair10",2024-01-24,93,70,""
36468,"PreEviction16",2024-01-24,93,70,""
36465,"PostPair10",2024-01-24,93,71,""
36465,"PreEviction16",2024-01-24,93,71,""
36499,"FirstConc",2024-01-24,93,72,""
36308,"Isolation",2024-01-24,93,73,""
36392,"Isolation",2024-01-24,93,74,""
36479,"PostEviction14",2024-01-24,93,75,""
36479,"FirstConc",2024-01-24,93,75,""
36492,"PostEviction14",2024-01-24,93,76,""
36301,"Isolation",2024-01-24,93,77,""
36462,"FirstConc",2024-01-24,93,78,""
36464,"PostPair10",2024-01-24,93,80,""
36464,"PreEviction16",2024-01-24,93,80,""
36350,"Isolation",2024-01-24,93,81,""
36474,"PostPair10",2024-01-24,94,1,""
36496,"PostPair10",2024-01-24,94,4,""
36496,"FirstConc",2024-01-24,94,4,""
36303,"Isolation",2024-01-24,94,5,""
36302,"Isolation",2024-01-24,94,7,""
36394,"Isolation",2024-01-24,94,9,""
36498,"PostEviction14",2024-01-24,94,11,""
36554,"FirstConc",2024-01-24,94,13,""
36672,"PostEviction14",2024-01-24,94,17,""
36649,"FirstConc",2024-01-24,94,18,""
36644,"FirstConc",2024-01-24,94,20,""
36644,"RA",2024-01-24,94,20,""
36583,"FirstConc",2024-01-24,94,22,""
36619,"FirstConc",2024-01-24,94,24,""
36528,"PostPair10",2024-01-24,94,25,""
36528,"PreEviction16",2024-01-24,94,25,""
36565,"PostEviction14",2024-01-24,94,26,""
36565,"FirstConc",2024-01-24,94,26,""
36562,"PostEviction14",2024-01-24,94,29,""
36536,"PostPair10",2024-01-24,94,31,""
36536,"PreEviction16",2024-01-24,94,31,""
36555,"PostPair10",2024-01-24,94,38,""
36555,"FirstConc",2024-01-24,94,38,""
36503,"PostPair10",2024-01-24,94,42,""
36503,"PreEviction16",2024-01-24,94,42,""
36503,"FirstConc",2024-01-24,94,42,""
36530,"FirstConc",2024-01-24,94,43,""
36625,"FirstConc",2024-01-24,94,44,""
36653,"RA",2024-01-24,94,47,""
36506,"PostPair10",2024-01-24,94,50,""
36506,"PreEviction16",2024-01-24,94,50,""
36651,"RA",2024-01-24,94,52,""
36505,"PostPair10",2024-01-24,94,53,""
36532,"PostPair10",2024-01-24,94,54,""
36507,"PostPair10",2024-01-24,94,56,""
36507,"PreEviction16",2024-01-24,94,56,""
36507,"FirstConc",2024-01-24,94,56,""
36593,"PostEviction14",2024-01-24,94,57,""
36588,"PostPair10",2024-01-24,94,58,""
36588,"FirstConc",2024-01-24,94,58,""
36529,"PostPair10",2024-01-24,94,59,""
36529,"PreEviction16",2024-01-24,94,59,""
36529,"FirstConc",2024-01-24,94,59,""
36560,"PostPair10",2024-01-24,94,62,""
36618,"FirstConc",2024-01-24,94,63,""
36596,"PostPair10",2024-01-24,94,65,""
36552,"PostPair10",2024-01-24,94,67,""
36552,"PreEviction16",2024-01-24,94,67,""
36501,"PostPair10",2024-01-24,94,70,""
36501,"PreEviction16",2024-01-24,94,70,""
36671,"PostEviction14",2024-01-24,94,72,""
36671,"FirstConc",2024-01-24,94,72,""
36655,"FirstConc",2024-01-24,94,74,""
36655,"RA",2024-01-24,94,74,""
36533,"PostPair10",2024-01-24,94,76,""
36533,"PreEviction16",2024-01-24,94,76,""
36533,"FirstConc",2024-01-24,94,76,""
36523,"PostPair10",2024-01-24,94,77,""
36523,"FirstConc",2024-01-24,94,77,""
36650,"FirstConc",2024-01-24,94,79,""
36613,"FirstConc",2024-01-24,95,4,""
36670,"FirstConc",2024-01-24,95,5,""
36586,"PostEviction14",2024-01-24,95,7,""
36586,"FirstConc",2024-01-24,95,7,""
36551,"PostPair10",2024-01-24,95,8,""
36551,"PreEviction16",2024-01-24,95,8,""
36551,"FirstConc",2024-01-24,95,8,""
36744,"FirstConc",2024-01-24,95,20,""
36884,"PostEviction14",2024-01-24,95,24,""
36887,"PostEviction14",2024-01-24,95,39,""
36796,"PostEviction14",2024-01-24,95,41,""
36683,"FirstConc",2024-01-24,95,58,""
36988,"FirstConc",2024-01-24,95,67,""
36713,"FirstConc",2024-01-24,95,72,""
36880,"PostEviction14",2024-01-24,96,3,""
36846,"RA",2024-01-24,96,4,""
36793,"PostEviction14",2024-01-24,96,7,""
36793,"RA",2024-01-24,96,7,""
37191,"Isolation",2024-01-24,96,13,""
37190,"Isolation",2024-01-24,96,14,""
37246,"RA",2024-01-24,96,19,""
37203,"Isolation",2024-01-24,96,42,""
37080,"FirstConc",2024-01-24,96,57,""
37080,"RA",2024-01-24,96,57,""
37198,"Isolation",2024-01-24,96,67,""
37189,"Isolation",2024-01-24,96,68,""
37192,"Isolation",2024-01-24,96,69,""
37199,"Isolation",2024-01-24,97,1,""
37193,"Isolation",2024-01-24,97,5,""
37054,"RA",2024-01-24,97,6,""
37439,"PostEviction14",2024-01-24,97,11,""
37439,"FirstConc",2024-01-24,97,11,""
37387,"Isolation",2024-01-24,97,12,""
37491,"PostPair10",2024-01-24,97,16,""
37491,"FirstConc",2024-01-24,97,16,""
37398,"Isolation",2024-01-24,97,19,""
37493,"PostPair10",2024-01-24,97,21,""
37493,"FirstConc",2024-01-24,97,21,""
37443,"PostPair10",2024-01-24,97,25,""
37459,"FirstConc",2024-01-24,97,26,""
37366,"Isolation",2024-01-24,97,29,""
37364,"Isolation",2024-01-24,97,32,""
37296,"Isolation",2024-01-24,97,33,""
37296,"FirstConc",2024-01-24,97,33,""
37356,"Isolation",2024-01-24,97,37,""
37488,"PostPair10",2024-01-24,97,40,""
37388,"Isolation",2024-01-24,97,41,""
37388,"FirstConc",2024-01-24,97,41,""
37436,"PostPair10",2024-01-24,97,44,""
37357,"Isolation",2024-01-24,97,45,""
37461,"PostPair10",2024-01-24,97,46,""
37461,"FirstConc",2024-01-24,97,46,""
37384,"Isolation",2024-01-24,97,49,""
37384,"FirstConc",2024-01-24,97,49,""
37354,"Isolation",2024-01-24,97,50,""
37467,"PostPair10",2024-01-24,97,53,""
37467,"FirstConc",2024-01-24,97,53,""
37473,"PostPair10",2024-01-24,97,55,""
37386,"Isolation",2024-01-24,97,58,""
37386,"FirstConc",2024-01-24,97,58,""
37460,"RA",2024-01-24,97,59,""
37365,"Isolation",2024-01-24,97,66,""
37365,"FirstConc",2024-01-24,97,66,""
37440,"PostEviction14",2024-01-24,97,68,""
37472,"PostPair10",2024-01-24,97,69,""
37472,"PreEviction16",2024-01-24,97,69,""
37393,"Isolation",2024-01-24,97,71,""
37393,"FirstConc",2024-01-24,97,71,""
37355,"Isolation",2024-01-24,97,72,""
37442,"PostPair10",2024-01-24,97,73,""
37442,"PreEviction16",2024-01-24,97,73,""
37395,"Isolation",2024-01-24,97,74,""
37435,"PostPair10",2024-01-24,97,76,""
37435,"FirstConc",2024-01-24,97,76,""
37396,"Isolation",2024-01-24,97,80,""
37434,"PostPair10",2024-01-24,98,2,""
37434,"PreEviction16",2024-01-24,98,2,""
37434,"FirstConc",2024-01-24,98,2,""
37469,"PostPair10",2024-01-24,98,5,""
37469,"PreEviction16",2024-01-24,98,5,""
37469,"FirstConc",2024-01-24,98,5,""
37363,"Isolation",2024-01-24,98,6,""
37438,"PostPair10",2024-01-24,98,7,""
37438,"FirstConc",2024-01-24,98,7,""
37468,"PostPair10",2024-01-24,98,8,""
37673,"FirstConc",2024-01-24,98,10,""
37616,"RA",2024-01-24,98,13,""
37553,"PostPair10",2024-01-24,98,15,""
37559,"PostPair10",2024-01-24,98,21,""
37559,"FirstConc",2024-01-24,98,21,""
37592,"RA",2024-01-24,98,24,""
37499,"FirstConc",2024-01-24,98,25,""
37548,"FirstConc",2024-01-24,98,28,""
37532,"PostPair10",2024-01-24,98,29,""
37500,"PostEviction14",2024-01-24,98,30,""
37500,"FirstConc",2024-01-24,98,30,""
37641,"FirstConc",2024-01-24,98,35,""
37578,"FirstConc",2024-01-24,98,36,""
37502,"PostEviction14",2024-01-24,98,37,""
37584,"FirstConc",2024-01-24,98,40,""
37554,"FirstConc",2024-01-24,98,41,""
37516,"RA",2024-01-24,98,44,""
37519,"PostPair10",2024-01-24,98,47,""
37519,"FirstConc",2024-01-24,98,47,""
37671,"PostEviction14",2024-01-24,98,49,""
37651,"RA",2024-01-24,98,53,""
37608,"FirstConc",2024-01-24,98,55,""
37549,"PostPair10",2024-01-24,98,56,""
37549,"FirstConc",2024-01-24,98,56,""
37558,"PostPair10",2024-01-24,98,59,""
37613,"RA",2024-01-24,98,61,""
37520,"PostPair10",2024-01-24,98,62,""
37520,"FirstConc",2024-01-24,98,62,""
37496,"PostPair10",2024-01-24,98,64,""
37524,"FirstConc",2024-01-24,98,65,""
37523,"PostPair10",2024-01-24,98,66,""
37610,"FirstConc",2024-01-24,98,67,""
37582,"FirstConc",2024-01-24,98,69,""
37637,"FirstConc",2024-01-24,98,70,""
37577,"FirstConc",2024-01-24,98,71,""
37645,"PostEviction14",2024-01-24,98,80,""
37645,"FirstConc",2024-01-24,98,80,""
37526,"FirstConc",2024-01-24,99,4,""
37670,"FirstConc",2024-01-24,99,5,""
37609,"FirstConc",2024-01-24,99,9,""
37796,"RA",2024-01-24,99,15,""
37809,"RA",2024-01-24,99,28,""
37797,"RA",2024-01-24,99,44,""
38091,"RA",2024-01-24,99,54,""
38003,"RA",2024-01-24,99,55,""
37999,"RA",2024-01-24,99,60,""
37998,"RA",2024-01-24,99,80,""
37834,"RA",2024-01-24,100,6,""
38460,"FirstConc",2024-01-24,100,12,""
38460,"RA",2024-01-24,100,12,""
38536,"FirstConc",2024-01-24,100,15,""
38511,"PreEviction16",2024-01-24,100,17,""
38511,"FirstConc",2024-01-24,100,17,""
38321,"RA",2024-01-24,100,18,""
38190,"RA",2024-01-24,100,21,""
38545,"RA",2024-01-24,100,37,""
38441,"PreEviction16",2024-01-24,100,40,""
38441,"RA",2024-01-24,100,40,""
38445,"PreEviction16",2024-01-24,100,41,""
38426,"FirstConc",2024-01-24,100,44,""
38426,"RA",2024-01-24,100,44,""
38507,"PreEviction16",2024-01-24,100,53,""
38543,"FirstConc",2024-01-24,100,58,""
38196,"RA",2024-01-24,100,70,""
38484,"FirstConc",2024-01-24,100,73,""
38301,"RA",2024-01-24,100,74,""
38346,"RA",2024-01-24,101,8,""
38698,"FirstConc",2024-01-24,101,11,""
38831,"RA",2024-01-24,101,20,""
38567,"PostEviction14",2024-01-24,101,27,""
38567,"FirstConc",2024-01-24,101,27,""
38603,"FirstConc",2024-01-24,101,31,""
38727,"FirstConc",2024-01-24,101,42,""
38643,"FirstConc",2024-01-24,101,45,""
38717,"RA",2024-01-24,101,57,""
38832,"PostEviction14",2024-01-24,101,63,""
38552,"PreEviction16",2024-01-24,101,69,""
38598,"FirstConc",2024-01-24,101,74,""
38598,"RA",2024-01-24,101,74,""
38569,"PostEviction14",2024-01-24,101,79,""
38665,"FirstConc",2024-01-24,101,80,""
38764,"PostEviction14",2024-01-24,102,3,""
39112,"PreEviction16",2024-01-24,102,17,""
39112,"RA",2024-01-24,102,17,""
39694,"RA",2024-01-24,102,18,""
39543,"RA",2024-01-24,102,19,""
39317,"PostEviction14",2024-01-24,102,21,""
38912,"PreEviction16",2024-01-24,102,24,""
39370,"RA",2024-01-24,102,27,""
39048,"PreEviction16",2024-01-24,102,28,""
39128,"PostEviction14",2024-01-24,102,32,""
39040,"PreEviction16",2024-01-24,102,33,""
39108,"PreEviction16",2024-01-24,102,74,""
39219,"RA",2024-01-24,102,75,""
31144,"Isolation",NA,NA,NA,NA
31136,"Isolation",NA,NA,NA,NA
31139,"Isolation",NA,NA,NA,NA
31132,"Isolation",NA,NA,NA,NA
31134,"Isolation",NA,NA,NA,NA
31135,"Isolation",NA,NA,NA,NA
31133,"Isolation",NA,NA,NA,NA
31143,"Isolation",NA,NA,NA,NA
31265,"Isolation",NA,NA,NA,NA
31228,"Isolation",NA,NA,NA,NA
31266,"Isolation",NA,NA,NA,NA
31223,"Isolation",NA,NA,NA,NA
31258,"Isolation",NA,NA,NA,NA
31224,"Isolation",NA,NA,NA,NA
31257,"Isolation",NA,NA,NA,NA
31220,"Isolation",NA,NA,NA,NA
31262,"Isolation",NA,NA,NA,NA
31217,"Isolation",NA,NA,NA,NA
31259,"Isolation",NA,NA,NA,NA
31219,"Isolation",NA,NA,NA,NA
31260,"Isolation",NA,NA,NA,NA
31222,"Isolation",NA,NA,NA,NA
31261,"Isolation",NA,NA,NA,NA
31218,"Isolation",NA,NA,NA,NA
31293,"PostPair10",NA,NA,NA,NA
31320,"PostPair10",NA,NA,NA,NA
31344,"PostPair10",NA,NA,NA,NA
31368,"PostPair10",NA,NA,NA,NA
31395,"PostPair10",NA,NA,NA,NA
31292,"PostPair10",NA,NA,NA,NA
31319,"PostPair10",NA,NA,NA,NA
31343,"PostPair10",NA,NA,NA,NA
31369,"PostPair10",NA,NA,NA,NA
31394,"PostPair10",NA,NA,NA,NA
31297,"PostPair10",NA,NA,NA,NA
31317,"PostPair10",NA,NA,NA,NA
31342,"PostPair10",NA,NA,NA,NA
31370,"PostPair10",NA,NA,NA,NA
31393,"PostPair10",NA,NA,NA,NA
31296,"PostPair10",NA,NA,NA,NA
31318,"PostPair10",NA,NA,NA,NA
31341,"PostPair10",NA,NA,NA,NA
31371,"PostPair10",NA,NA,NA,NA
31392,"PostPair10",NA,NA,NA,NA
31302,"PostPair10",NA,NA,NA,NA
31299,"PostPair10",NA,NA,NA,NA
31301,"PostPair10",NA,NA,NA,NA
31323,"PostPair10",NA,NA,NA,NA
31348,"PostPair10",NA,NA,NA,NA
31373,"PostPair10",NA,NA,NA,NA
31403,"PostPair10",NA,NA,NA,NA
31291,"PostPair10",NA,NA,NA,NA
31316,"PostPair10",NA,NA,NA,NA
31345,"PostPair10",NA,NA,NA,NA
31367,"PostPair10",NA,NA,NA,NA
31396,"PostPair10",NA,NA,NA,NA
36477,"PostPair10",NA,NA,NA,NA
31344,"PreEviction16",NA,NA,NA,NA
31368,"PreEviction16",NA,NA,NA,NA
31395,"PreEviction16",NA,NA,NA,NA
31418,"PreEviction16",NA,NA,NA,NA
31343,"PreEviction16",NA,NA,NA,NA
31369,"PreEviction16",NA,NA,NA,NA
31394,"PreEviction16",NA,NA,NA,NA
31421,"PreEviction16",NA,NA,NA,NA
31302,"PreEviction16",NA,NA,NA,NA
31299,"PreEviction16",NA,NA,NA,NA
36477,"PreEviction16",NA,NA,NA,NA
31312,"PostEviction14",NA,NA,NA,NA
31310,"PostEviction14",NA,NA,NA,NA
35564,"PostEviction14",NA,NA,NA,NA
34037,"PostEviction14",NA,NA,NA,NA
36757,"PostEviction14",NA,NA,NA,NA
37689,"PostEviction14",NA,NA,NA,NA
37692,"PostEviction14",NA,NA,NA,NA
33543,"PostEviction14",NA,NA,NA,NA
31258,"FirstConc",NA,NA,NA,NA
31299,"FirstConc",NA,NA,NA,NA
31310,"FirstConc",NA,NA,NA,NA
31324,"FirstConc",NA,NA,NA,NA
31332,"FirstConc",NA,NA,NA,NA
31355,"FirstConc",NA,NA,NA,NA
31389,"FirstConc",NA,NA,NA,NA
31404,"FirstConc",NA,NA,NA,NA
31423,"FirstConc",NA,NA,NA,NA
31168,"FirstConc",NA,NA,NA,NA
31187,"FirstConc",NA,NA,NA,NA
31228,"FirstConc",NA,NA,NA,NA
31265,"FirstConc",NA,NA,NA,NA
31301,"FirstConc",NA,NA,NA,NA
31323,"FirstConc",NA,NA,NA,NA
31348,"FirstConc",NA,NA,NA,NA
31373,"FirstConc",NA,NA,NA,NA
31257,"FirstConc",NA,NA,NA,NA
31291,"FirstConc",NA,NA,NA,NA
31316,"FirstConc",NA,NA,NA,NA
31345,"FirstConc",NA,NA,NA,NA
31367,"FirstConc",NA,NA,NA,NA
31396,"FirstConc",NA,NA,NA,NA
31419,"FirstConc",NA,NA,NA,NA
34037,"FirstConc",NA,NA,NA,NA
36757,"FirstConc",NA,NA,NA,NA
35562,"RA",NA,NA,NA,NA
38131,"RA",NA,NA,NA,NA
39884,"RA",NA,NA,NA,NA
40017,"RA",NA,NA,NA,NA
40107,"RA",NA,NA,NA,NA
40260,"RA",NA,NA,NA,NA
40388,"RA",NA,NA,NA,NA
40459,"RA",NA,NA,NA,NA
