"AnimalID","R1","R2","R3","UrineNumber","BoxID","BoxPosition","NewBox","NewPosition"
"RRF006","PreEviction16",NA,NA,31466,76,4,1,1
"RRF006","PreEviction16",NA,NA,31491,76,10,1,2
"VGF001","FirstConc",NA,NA,31521,76,13,1,3
"VGF001","FirstConc",NA,NA,31468,76,19,1,4
"VGF001","RA",NA,NA,31440,76,21,1,5
"VGF001","FirstConc",NA,NA,31492,76,22,1,6
"VGF001","FirstConc",NA,NA,31538,76,24,1,7
"RRF006","PostEviction14",NA,NA,31563,76,26,1,8
"VGF001","FirstConc",NA,NA,31630,76,27,1,9
"RRF006","PreEviction16",NA,NA,31536,76,30,1,10
"RRF010","PreEviction16",NA,NA,31443,76,32,1,11
"RRF010","PreEviction16",NA,NA,31490,76,42,1,12
"RRF006","PreEviction16",NA,NA,31519,76,49,1,13
"RRF004","RA",NA,NA,31439,76,56,1,14
"RRF006","PreEviction16","RA",NA,31442,76,60,1,15
"RRF010","PostEviction14",NA,NA,31562,76,63,1,16
"RRF010","PreEviction16",NA,NA,31518,76,64,1,17
"RRF006","RA",NA,NA,31628,76,67,1,18
"RRF010","PreEviction16",NA,NA,31469,76,69,1,19
"RRF010","PreEviction16",NA,NA,31535,76,70,1,20
"RRF004","RA",NA,NA,31629,77,1,1,21
"RRF006","PostEviction14",NA,NA,31745,77,8,1,22
"VGF001","FirstConc",NA,NA,31729,77,12,1,23
"RRF004","RA",NA,NA,31802,77,20,1,24
"RRF006","FirstConc","RA",NA,31801,77,28,1,25
"RRF010","PostEviction14",NA,NA,31746,77,34,1,26
"RRF004","PreEviction16",NA,NA,32107,78,28,1,27
"VGF001","PreEviction16",NA,NA,32035,78,31,1,28
"RRF006","FirstConc",NA,NA,32031,78,34,1,29
"RRF006","FirstConc",NA,NA,31898,78,44,1,30
"RRF004","PreEviction16","RA",NA,32030,78,55,1,31
"VGF001","PreEviction16",NA,NA,32108,78,75,1,32
"VGF001","PreEviction16",NA,NA,32193,79,13,1,33
"Z3F043","PostPair10",NA,NA,32312,79,17,1,34
"RRF004","FirstConc",NA,NA,32258,79,21,1,35
"VGF001","PostEviction14",NA,NA,32248,79,22,1,36
"Z3F043","PostPair10",NA,NA,32286,79,29,1,37
"PPF008","PostPair10","PreEviction16",NA,32228,79,35,1,38
"TMF002","PostPair10",NA,NA,32221,79,36,1,39
"TMF002","PostPair10",NA,NA,32287,79,40,1,40
"Z3F043","PostPair10",NA,NA,32227,79,41,1,41
"WEF005","PostPair10","PreEviction16",NA,32220,79,43,1,42
"TMF002","PostPair10",NA,NA,32250,79,53,1,43
"RRF004","FirstConc",NA,NA,32251,79,54,1,44
"RRF004","FirstConc",NA,NA,32284,79,56,1,45
"RRF004","PostEviction14","FirstConc","RA",32219,79,64,1,46
"Z3F043","PostPair10",NA,NA,32260,79,69,1,47
"RRF004","FirstConc",NA,NA,32317,79,70,1,48
"PPF008","PostEviction14",NA,NA,32257,79,76,1,49
"Z3F043","PostPair10",NA,NA,32252,79,80,1,50
"TMF002","PostPair10",NA,NA,32262,80,7,1,51
"WEF005","PostEviction14",NA,NA,32247,80,9,1,52
"PPF008","PostEviction14","RA",NA,32428,80,15,1,53
"VGF001","PostEviction14",NA,NA,32437,80,23,1,54
"WEF005","PostEviction14",NA,NA,32423,80,31,1,55
"RRF004","FirstConc",NA,NA,32389,80,33,1,56
"Z3F043","PostPair10",NA,NA,32356,80,34,1,57
"Z3F043","RA",NA,NA,32421,80,35,1,58
"RRF004","PostEviction14",NA,NA,32427,80,49,1,59
"TMF002","PostPair10",NA,NA,32325,80,62,1,60
"RRF004","FirstConc",NA,NA,32359,80,68,1,61
"TMF002","RA",NA,NA,32438,80,80,1,62
"TMF002","PostPair10",NA,NA,32355,81,12,1,63
"PPF008","RA",NA,NA,32616,81,32,1,64
"Z3F043","RA",NA,NA,32618,81,74,1,65
"TMF002","RA",NA,NA,32625,82,8,1,66
"TMF002","RA",NA,NA,32813,82,12,1,67
"SOF001","PostPair10",NA,NA,32744,82,15,1,68
"SOF006","PostPair10","PreEviction16",NA,32743,82,21,1,69
"ARF028","PostPair10","FirstConc",NA,32795,82,22,1,70
"DRF015","PostPair10",NA,NA,32741,82,24,1,71
"RSF008","PostPair10",NA,NA,32740,82,30,1,72
"Z3F043","RA",NA,NA,32812,82,32,1,73
"SOF001","PostPair10",NA,NA,32771,82,33,1,74
"DRF015","PostPair10",NA,NA,32810,82,39,1,75
"ARF028","FirstConc",NA,NA,32842,82,40,1,76
"PPF008","FirstConc","RA",NA,32814,82,41,1,77
"ARF028","PostPair10","FirstConc",NA,32724,82,42,1,78
"DRF015","PostPair10",NA,NA,32765,82,44,1,79
"SOF002","PostPair10","PreEviction16",NA,32727,82,45,1,80
"SOF002","PostPair10","PreEviction16",NA,32747,82,47,1,81
"SOF001","PostPair10",NA,NA,32808,82,49,2,1
"RSF008","PostPair10",NA,NA,32809,82,56,2,2
"DRF015","PostPair10",NA,NA,32789,82,60,2,3
"RSF008","PostPair10",NA,NA,32715,82,61,2,4
"SOF002","PostEviction14",NA,NA,32766,82,62,2,5
"SOF001","PostPair10",NA,NA,32792,82,63,2,6
"ARF028","PostPair10","FirstConc",NA,32815,82,65,2,7
"DRF015","PostPair10",NA,NA,32716,82,67,2,8
"SOF006","PostPair10","PreEviction16",NA,32717,82,69,2,9
"RSF008","PostPair10",NA,NA,32767,82,72,2,10
"ARF028","PostPair10","FirstConc",NA,32746,82,76,2,11
"RSF008","PostPair10",NA,NA,32788,83,4,2,12
"SOF001","PostPair10",NA,NA,32718,83,6,2,13
"SOF006","PostEviction14",NA,NA,32760,83,7,2,14
"ARF028","PostPair10","FirstConc",NA,32769,83,14,2,15
"ARF028","FirstConc",NA,NA,32865,83,18,2,16
"DRF015","RA",NA,NA,32863,83,20,2,17
"SOF002","PostEviction14",NA,NA,32963,83,23,2,18
"ARF028","FirstConc",NA,NA,32900,83,24,2,19
"PPF008","FirstConc",NA,NA,33028,83,33,2,20
"TMF002","RA",NA,NA,33013,83,37,2,21
"DRF015","FirstConc",NA,NA,32981,83,40,2,22
"ARF028","FirstConc",NA,NA,32936,83,42,2,23
"SOF006","PostEviction14",NA,NA,32958,83,53,2,24
"RSF008","RA",NA,NA,32862,83,56,2,25
"SOF001","RA",NA,NA,32866,83,57,2,26
"SOF001","RA",NA,NA,33074,83,60,2,27
"RSF008","RA",NA,NA,33076,83,62,2,28
"Z3F043","RA",NA,NA,33014,83,65,2,29
"PPF008","FirstConc",NA,NA,32923,83,72,2,30
"SOF006","RA",NA,NA,32864,83,79,2,31
"DRF015","FirstConc","RA",NA,33077,84,10,2,32
"TMF002","RA",NA,NA,33330,84,23,2,33
"Z3F043","FirstConc","RA",NA,33328,84,28,2,34
"TMF002","RA",NA,NA,33119,84,40,2,35
"RSF008","RA",NA,NA,33280,84,42,2,36
"SOF006","RA",NA,NA,33186,84,49,2,37
"DRF015","FirstConc",NA,NA,33182,84,65,2,38
"Z3F043","RA",NA,NA,33118,84,67,2,39
"SOF001","RA",NA,NA,33288,84,77,2,40
"DRF015","FirstConc",NA,NA,33281,85,3,2,41
"SOF006","RA",NA,NA,33287,85,5,2,42
"Z3F043","FirstConc",NA,NA,33527,85,12,2,43
"SOF006","RA",NA,NA,33498,85,38,2,44
"RSF008","RA",NA,NA,33491,85,46,2,45
"Z3F043","FirstConc",NA,NA,33444,85,62,2,46
"SOF001","RA",NA,NA,33489,85,70,2,47
"TMF002","RA",NA,NA,33636,86,10,2,48
"SOF001","RA",NA,NA,33715,86,62,2,49
"RSF008","RA",NA,NA,33714,86,77,2,50
"SOF006","RA",NA,NA,33719,87,9,2,51
"RSF008","RA",NA,NA,33894,87,21,2,52
"SOF001","RA",NA,NA,34054,87,35,2,53
"TMF002","RA",NA,NA,34036,87,41,2,54
"RSF008","RA",NA,NA,34085,87,42,2,55
"SOF006","RA",NA,NA,34058,87,63,2,56
"TMF002","RA",NA,NA,33844,88,2,2,57
"SOF006","RA",NA,NA,33900,88,6,2,58
"SOF001","RA",NA,NA,33905,88,8,2,59
"TMF002","FirstConc",NA,NA,34489,88,16,2,60
"RSF008","RA",NA,NA,34300,88,18,2,61
"TMF002","FirstConc",NA,NA,34407,88,23,2,62
"DRF015","PreEviction16",NA,NA,34459,88,26,2,63
"TMF002","PreEviction16",NA,NA,34142,88,33,2,64
"DRF015","PreEviction16",NA,NA,34385,88,35,2,65
"TMF002","PostEviction14","FirstConc","RA",34379,88,43,2,66
"TMF002","FirstConc",NA,NA,34462,88,45,2,67
"Z3F043","PreEviction16",NA,NA,34243,88,49,2,68
"DRF015","PreEviction16",NA,NA,34538,88,53,2,69
"Z3F043","PreEviction16",NA,NA,34128,88,55,2,70
"TMF002","PreEviction16","FirstConc","RA",34240,88,56,2,71
"TMF002","PreEviction16","FirstConc",NA,34337,88,66,2,72
"RSF008","PreEviction16",NA,NA,34383,88,67,2,73
"SOF001","RA",NA,NA,34341,88,68,2,74
"Z3F043","PreEviction16",NA,NA,34336,89,1,2,75
"Z3F043","PostEviction14",NA,NA,34380,89,9,2,76
"TMF002","FirstConc",NA,NA,34437,89,10,2,77
"RSF008","PostEviction14",NA,NA,34623,89,16,2,78
"Z3F043","PostEviction14",NA,NA,34564,89,27,2,79
"RSF008","RA",NA,NA,34786,89,38,2,80
"RSF008","RA",NA,NA,34712,89,41,2,81
"RSF008","PostEviction14","RA",NA,34981,89,55,3,1
"TMF002","PostEviction14",NA,NA,34570,89,65,3,2
"DRF015","PostEviction14",NA,NA,34630,89,73,3,3
"SOF001","RA",NA,NA,34751,89,80,3,4
"RSF008","PreEviction16","RA",NA,34593,89,81,3,5
"DRF015","PreEviction16",NA,NA,34594,90,3,3,6
"SOF001","RA",NA,NA,34550,90,4,3,7
"SOF001","RA",NA,NA,34925,90,7,3,8
"RSF008","RA",NA,NA,35238,90,13,3,9
"SOF001","RA",NA,NA,35265,90,18,3,10
"SOF001","RA",NA,NA,35109,90,46,3,11
"RSF008","RA",NA,NA,35442,91,6,3,12
"ARF028","PostEviction14",NA,NA,35840,91,52,3,13
"ARF028","PreEviction16",NA,NA,35678,91,55,3,14
"ARF028","PreEviction16",NA,NA,35609,91,70,3,15
"SOF001","PostEviction14","RA",NA,35858,92,9,3,16
"SOF001","RA",NA,NA,35988,92,36,3,17
"SOF001","PostEviction14",NA,NA,36029,92,77,3,18
"SOF001","RA",NA,NA,36156,93,8,3,19
"ARF028","PreEviction16",NA,NA,35794,93,10,3,20
"SOF001","FirstConc",NA,NA,36261,93,29,3,21
"MBF004","PostEviction14",NA,NA,36494,93,52,3,22
"SOF001","FirstConc",NA,NA,36361,93,53,3,23
"VGF002","PostPair10","FirstConc",NA,36466,93,64,3,24
"MBF004","PostPair10","PreEviction16",NA,36465,93,71,3,25
"SOF001","FirstConc",NA,NA,36462,93,78,3,26
"DRF004","PostPair10","PreEviction16",NA,36464,93,80,3,27
"ORF017","PostPair10",NA,NA,36474,94,1,3,28
"VGF002","PostPair10","FirstConc",NA,36496,94,4,3,29
"DRF004","PostEviction14",NA,NA,36498,94,11,3,30
"VGF002","PostPair10","FirstConc",NA,36555,94,38,3,31
"MBF004","RA",NA,NA,36653,94,47,3,32
"ORF017","RA",NA,NA,36651,94,52,3,33
"ORF017","PostPair10",NA,NA,36505,94,53,3,34
"ORF017","PostPair10",NA,NA,36532,94,54,3,35
"VGF002","PostPair10","FirstConc",NA,36588,94,58,3,36
"ORF017","PostPair10",NA,NA,36560,94,62,3,37
"VGF002","FirstConc",NA,NA,36618,94,63,3,38
"ORF017","PostPair10",NA,NA,36596,94,65,3,39
"VGF002","PostPair10","FirstConc",NA,36523,94,77,3,40
"VGF002","FirstConc",NA,NA,36650,94,79,3,41
"DRF004","PostEviction14",NA,NA,36796,95,41,3,42
"MBF004","FirstConc",NA,NA,36988,95,67,3,43
"ORF017","RA",NA,NA,36846,96,4,3,44
"MBF004","PostEviction14","RA",NA,36793,96,7,3,45
"ORF017","RA",NA,NA,37246,96,19,3,46
"MBF004","FirstConc","RA",NA,37080,96,57,3,47
"ORF017","RA",NA,NA,37054,97,6,3,48
"KGF002","PostPair10","FirstConc",NA,37493,97,21,3,49
"ERF002","PostPair10",NA,NA,37443,97,25,3,50
"ERF002","PostPair10",NA,NA,37488,97,40,3,51
"KGF002","PostPair10","FirstConc",NA,37461,97,46,3,52
"ERF002","PostPair10",NA,NA,37473,97,55,3,53
"KGF002","PostPair10","FirstConc",NA,37438,98,7,3,54
"ERF002","PostPair10",NA,NA,37532,98,29,3,55
"ORF017","RA",NA,NA,37516,98,44,3,56
"ORF017","RA",NA,NA,37651,98,53,3,57
"KGF002","PostPair10","FirstConc",NA,37549,98,56,3,58
"ERF002","PostPair10",NA,NA,37558,98,59,3,59
"ERF002","RA",NA,NA,37613,98,61,3,60
"KGF002","PostPair10","FirstConc",NA,37520,98,62,3,61
"KGF002","FirstConc",NA,NA,37577,98,71,3,62
"ERF002","RA",NA,NA,37796,99,15,3,63
"ORF017","RA",NA,NA,37809,99,28,3,64
"ORF017","RA",NA,NA,37999,99,60,3,65
"ERF002","RA",NA,NA,37998,99,80,3,66
"ERF002","PreEviction16","FirstConc",NA,38511,100,17,3,67
"ERF002","RA",NA,NA,38321,100,18,3,68
"ORF017","RA",NA,NA,38545,100,37,3,69
"ERF002","PreEviction16","RA",NA,38441,100,40,3,70
"KGF002","PreEviction16",NA,NA,38445,100,41,3,71
"KGF002","PreEviction16",NA,NA,38507,100,53,3,72
"ERF002","RA",NA,NA,38196,100,70,3,73
"ERF002","FirstConc",NA,NA,38698,101,11,3,74
"ORF017","RA",NA,NA,38831,101,20,3,75
"ERF002","PostEviction14","FirstConc",NA,38567,101,27,3,76
"ERF002","FirstConc",NA,NA,38727,101,42,3,77
"ERF002","FirstConc",NA,NA,38643,101,45,3,78
"ORF017","RA",NA,NA,38717,101,57,3,79
"KGF002","PostEviction14",NA,NA,38832,101,63,3,80
"KGF002","PreEviction16",NA,NA,38552,101,69,3,81
"ERF002","FirstConc","RA",NA,38598,101,74,3,82
"KGF002","PostEviction14",NA,NA,38569,101,79,3,83
"ERF002","FirstConc",NA,NA,38665,101,80,3,84
"ERF002","PostEviction14",NA,NA,38764,102,3,3,85
"ORF017","PreEviction16","RA",NA,39112,102,17,3,86
"ORF017","RA",NA,NA,39694,102,18,3,87
"ORF017","RA",NA,NA,39543,102,19,3,88
"ORF017","PostEviction14",NA,NA,39317,102,21,3,89
"VGF002","PreEviction16",NA,NA,38912,102,24,3,90
"ORF017","RA",NA,NA,39370,102,27,3,91
"VGF002","PreEviction16",NA,NA,39048,102,28,3,92
"ORF017","PostEviction14",NA,NA,39128,102,32,3,93
"ORF017","PreEviction16",NA,NA,39040,102,33,3,94
"VGF002","PreEviction16",NA,NA,39108,102,74,3,95
"ORF017","RA",NA,NA,39219,102,75,3,96
